Workbook
Name Print_Area: Corrida!$B$2:$V$35
Name Print_Area: 'Result. Pples'!$A$1:$R$35
Name Print_Titles: Corrida!$B:$V,Corrida!$2:$11

Sheet ResultadosPrueba
A1: Lecturas Obtenidas Durante la Prueba
A2: Lectura Coriolis/Scanner200
A5: 0 | B5: =#REF! -> #REF! | C5: BTD | D5: BAxH | E5: BBD | F5: SCanner
A6: 1 | B6: =#REF! -> #REF! | C6: =#REF!*24*2 -> #REF! | D6: =((#REF!*#REF!/100)*24*2) -> #REF! | E6: =C6-#REF! -> #REF! | F6: =#REF!*24 -> #REF!
A7: 2 | B7: =#REF! -> #REF! | C7: =#REF!*24*2 -> #REF! | D7: =((#REF!*#REF!/100)*24*2) -> #REF! | E7: =C7-#REF! -> #REF! | F7: =#REF!*24 -> #REF!
A8: 3 | B8: =#REF! -> #REF! | C8: =#REF!*24*2 -> #REF! | D8: =((#REF!*#REF!/100)*24*2) -> #REF! | E8: =C8-#REF! -> #REF! | F8: =#REF!*24 -> #REF!
A9: 4 | B9: =#REF! -> #REF! | C9: =#REF!*24*2 -> #REF! | D9: =((#REF!*#REF!/100)*24*2) -> #REF! | E9: =C9-#REF! -> #REF! | F9: =#REF!*24 -> #REF!
A10: 5 | B10: =#REF! -> #REF! | C10: =#REF!*24*2 -> #REF! | D10: =((#REF!*#REF!/100)*24*2) -> #REF! | E10: =C10-#REF! -> #REF! | F10: =#REF!*24 -> #REF!
A11: 6 | B11: =#REF! -> #REF! | C11: =#REF!*24*2 -> #REF! | D11: =((#REF!*#REF!/100)*24*2) -> #REF! | E11: =C11-#REF! -> #REF! | F11: =#REF!*24 -> #REF!
A12: 7 | B12: =#REF! -> #REF! | C12: =#REF!*24*2 -> #REF! | D12: =((#REF!*#REF!/100)*24*2) -> #REF! | E12: =C12-#REF! -> #REF! | F12: =#REF!*24 -> #REF!
A13: 8 | B13: =#REF! -> #REF! | C13: =#REF!*24*2 -> #REF! | D13: =((#REF!*#REF!/100)*24*2) -> #REF! | E13: =C13-#REF! -> #REF! | F13: =#REF!*24 -> #REF!

Sheet Result. Pples
E1: REPORTE DE PRUEBA A POZO | O1: Código: SMA21-SI-017
O2: Fecha de Emisión: 01/04/24
O3: Fecha de Revisión:
O4: Revisión: 0
A5: =#REF! -> #REF! | K5: Nº DE CONTRATO: | N5: FECHA: | P5: Nº REPORTE:
N6: =#REF! -> #REF! | P6: =#REF! -> #REF!
A9: CONDICIONES INICIALES | E9: PARAMETROS OPERACIONALES DE POZO | K9: PARAMETROS OPERACIONALES DE POZO | P9: DATOS LABORATORIO
A10: P. Cabezal | B10: =#REF! -> #REF! | C10: PSI | E10: =#REF! -> #REF! | H10: Prom. Dur. Prueba | K10: =E10 -> #REF! | M10: Prom.Dur.Prueb | P10: °API/60°F(form.) | R10: =IF(#REF!>4,#REF!,IF(#REF!>4,#REF!,IF(#REF!>4,#REF!,#REF!))) -> #REF!
A11: P. Casing | B11: =#REF! -> #REF! | C11: PSI | E11: VELOCIDAD (RPM, SPM) | H11: =#REF! -> #REF! | K11: FRECUENCIA (Hz) | M11: =#REF! -> #REF! | P11: °API/60°F(mezc.) | R11: =#REF! -> #REF!
A12: P. Línea | B12: =#REF! -> #REF! | C12: PSI | E12: TORQUE (%) | H12: =#REF! -> #REF! | K12: PRESIÓN DE FONDO (PSI) | M12: =#REF! -> #REF! | P12: °API/60°F(dil.) | R12: =IF(#REF!>4,#REF!,IF(#REF!>4,#REF!,IF(#REF!>4,#REF!,IF(#REF!>4,#REF!,"")))) -> #REF!
A13: P. Lín. Prod. | B13: =#REF! -> #REF! | C13: PSI | E13: INTENSIDAD (Amp.) | H13: =#REF! -> #REF! | K13: TEMPERATURA FONDO (°F) | M13: =#REF! -> #REF! | P13: % H2O (form.) | R13: =#REF! -> #REF!
A14: T. Lín. Prod. | B14: =#REF! -> #REF! | C14: °F | E14: VOLTAGE (Volt.) | H14: =#REF! -> #REF! | K14: CHOQUE (In) | M14: =#REF! -> #REF! | P14: % H2O (diluente) | R14: =#REF! -> #REF!
A17: RESULTADOS PRINCIPALES
A18: Cliente: | B18: =#REF! -> #REF! | D18: Campo: | E18: =#REF! -> #REF! | G18: Pozo: | H18: =#REF! -> #REF! | J18: Yacimient.: | K18: =#REF! -> #REF! | L18: Arena: | M18: =#REF! -> #REF! | O18: Estación desc.: | Q18: =#REF! -> #REF!
A19: DURACIÓN PRUEBA | C19: Q.PET | F19: %H2O | G19: Q.H2O | H19: DILUENTE | I19: Q.PET | J19: Q.Gas/Total | K19: Q.Gas/Iny. | L19: Q.Gas/Form. | M19: RGP | N19: T.Equip. | O19: P.Cab. | P19: P.Csg. | Q19: P.Equip. | R19: P. Iny.
B20: HRS | C20: ACUM | D20: BTPD | E20: BBPD | F20: mezcl. | G20: BPD | H20: BPD | I20: BNPD | J20: MPCPD | K20: MPCPD | L20: MPCGD | M20: PC/BN | N20: °F | O20: PSI | P20: PSI | Q20: PSI | R20: PSI
A21: Resultados @ Cond. Estand.:
A22: Promedio: | B22: =#REF! -> #REF! | C22: =#REF! -> #REF! | D22: =#REF! -> #REF! | E22: =D22-H22 -> #REF! | F22: =#REF! -> #REF! | G22: =#REF! -> #REF! | H22: =#REF! -> #REF! | I22: =#REF! -> #REF! | J22: =#REF! -> #REF! | K22: =#REF! -> #REF! | L22: =J22-K22 -> #REF! | M22: =L22*1000/I22 -> #REF! | N22: =#REF! -> #REF! | O22: =#REF! -> #REF! | P22: =IF(Corrida!T15="-","-",#REF!) -> #REF! | Q22: =#REF! -> #REF! | R22: =#REF! -> #REF!
A24: Observaciones:
C25: MUESTRA | D25: HORA | E25: FECHA | F25: AGUA % | G25: SE (%) | H25: H. ANALISIS | J25: DIL.(BPD) | K25: Q.PET(BNPD) | L25: BPD(DCO)
B26: =#REF! -> #REF! | C26: 1 | D26: =#REF! -> #REF! | E26: 45441 | F26: =#REF! -> #REF! | G26: 0.2 | H26: =D26+"00:20" -> #REF! | J26: =H22 -> #REF! | K26: =I22 -> #REF! | L26: =(J26+K26) -> #REF!
B27: =#REF! -> #REF! | C27: 2 | D27: =D26+"03:00" -> #REF! | E27: 45441 | F27: =#REF! -> #REF! | G27: 0.3 | H27: =D27+"00:20" -> #REF!
B28: =#REF! -> #REF! | C28: 3 | D28: =D27+"03:00" -> #REF! | E28: 45441 | F28: =#REF! -> #REF! | G28: 0.2 | H28: =D28+"00:20" -> #REF! | U28: 70
U29: 30
A30: POR SERVICIOSAGUILERAS | H30: POR EL CLIENTE | N30: *Solo Pruebas Oficiales | U30: 25
N31: POR EL MPPPM | U31: 175
A32: Nombre: | H32: Nombre: | N32: Nombre:
A33: Cargo: | B33: Supervisor | H33: Cargo: | J33: Ing. De Mediciòn | N33: Cargo:
A34: Firma: | H34: Firma: | N34: Firma:
A35: Fecha: | B35: =N6 -> #REF! | H35: Fecha: | N35: Fecha:

Sheet Result.Entrega
E3: REPORTE DE PRUEBA A POZO | P3: Código: SMA21-0P-FO-007
P4: Fecha de Emisión: 11/05/2025
P5: Fecha de Revisión: 31/08/25
P6: Pág. 1 de 3
B8: SERVICIOS Y MANTENIMIENTOS AGUILERA 21, C.A
B9: Método de Extracción | C9: Pozo | D9: Permiso de Trabajo | H9: Inicio de Prueba | I9: Fin de Prueba | J9: Nº DE CONTRATO: 4620023437 | M9: HOJA RESUMEN - PRUEBA DE POZO
B10: BCP | C10: H1B P01 | D10: ART | H10: =Corrida!B13 -> 20/02/2026 | I10: =Corrida!B49 -> 21/02/2026 | J10: Macolla | K10: N° Reporte
H11: =Corrida!C13 -> 0.83333333 | I11: =Corrida!C49 -> 0.33333333 | J11: H1B | K11: 025
B12: RPM | C12: Horas de Prueba (hh:mm:ss) | D12: Presión de Equipo (psia) | H12: Temp. de Línea (°F) | I12: Tasa de Gas Estándar Producido (mpced) | J12: Tasa de Petróleo Producido DCO (bpd) | K12: Tasa de Agua Producida (bpd) | L12: Barriles Totales (bpd) | M12: Porcentaje de agua Mezcla (%) | N12: Barriles Bruto (bpd) | O12: Barriles Neto EHO (bpd) | P12: Corte de Agua Crudo Formación (%) | Q12: RGP Total (pced/bpd) | R12: Tasa de Diluente Inyectado (bpd)
B13: 90 | C13: 12 | D13: =Corrida!U50 -> 160.33333 | H13: =Corrida!R50 -> 87.06784 | I13: =Corrida!M50 -> 29.7578 | J13: =O13+R13 -> 377.34248 | K13: =N13*P13% -> 18.001316 | L13: =Corrida!D50 -> 395.3438 | M13: =P13+J23 -> 6.2 | N13: =L13-R13 -> 290.3438 | O13: =N13-K13 -> 272.34248 | P13: =Corrida!I50 -> 6.2 | Q13: =(I13/O13)*1000 -> 109.2661 | R13: =Corrida!K49 -> 105
B14: PETROPIAR | C14: EQUIPO FLUXCY 001
B18: PARAMETROS INICIALES
B19: Velocidad: | C19: 90 | E19: Rpm | H19: DATOS LABORATORIO | L19: WC (%) Formación
B20: Torque: | C20: 664 | E20: Lbft | H20: °API/60°F(form.) | J20: 8.5 | L20: Muestra | M20: Hora | N20: Fecha | O20: Agua(%) | P20: Se(%) | Q20: H. Analisis | R20: Fecha
B21: Corriente: | C21: 88.4 | E21: Amp | H21: °API/60°F(mezc.) | J21: 16.5 | L21: 1 | M21: 0.83333333 | N21: 46073 | O21: 6.4 | P21: 0.2 | Q21: 0.95833333 | R21: 46073
B22: Consumo: | C22: 9.44 | E22: kW | H22: °API/60°F(dil.) | J22: 42 | L22: 2 | M22: 0 | N22: 46074 | O22: 6 | P22: 0.2 | Q22: 0.125 | R22: 46074
B23: Presión Cabezal: | C23: 171 | E23: Psi | H23: % H2O (diluente) | J23: 0 | L23: 3 | M23: 0.16666667 | N23: 46074 | O23: 6.2 | P23: 0.2 | Q23: 0.29166667 | R23: 46074
B24: Presión Casing: | C24: 166 | E24: Psi
B25: Presión Macolla: | C25: 155 | E25: Psi
B27: POR SERVICIOS AGUILERAS | I27: POR EL CLIENTE | O27: *Solo Pruebas Oficiales
O28: POR EL MPPPM
B29: Nombre: | I29: Nombre: | O29: Nombre:
B30: Cargo: | C30: Supervisor | I30: Cargo: | K30: Ing. De Mediciòn | O30: Cargo:
B31: Firma: | I31: Firma: | O31: Firma:
B32: Fecha: | C32: =H10 -> 20/02/2026 | I32: Fecha: | O32: Fecha:

Sheet Corrida
G2: CORRIDA DE PRUEBA A POZO | W2: Código: SMA21-0P-FO-007
W3: Fecha de Emisión: 11/05/2025
W4: Fecha de Revisión: 31/08/25
W5: Pág. 2 de 3
B6: "SERVICIO TECNICO PARA LA REALIZACIÓN DE PRUEBAS DE POZOS CON MEDIDORES DE FLUJO PORTATILES EN EL CAMPO HUYAPARI EEMM PETROPIAR S.A" | O6: Nº DE CONTRATO: | R6: FECHA: | T6: Nº REPORTE:
O7: 4620023437 | R7: =B13 -> 20/02/2026 | T7: 025
B8: Cliente: | C8: PETROPIAR S.A | F8: Campo: | G8: HUYAPARI | J8: Pozo: | K8: H1B P01 | N8: Yacimient.: | O8: =#REF! -> #REF! | P8: Arena: | S8: Estación des:
D9: BTPD | K9: DILUENTE
B10: TIEMPO | D10: CORIOLIS | F10: Q.PET | I10: %H2O | J10: Q.H2O | K10: CORIOLIS | M10: CORIOLIS | N10: Q.Gas/Med.H | O10: Q.Gas/Iny. | P10: Q.Gas/Total | Q10: RGP | R10: T.Equip. | S10: P.Cab. | T10: P.Csg. | U10: P.Equip. | V10: AMP (A) | W10: CONS (Kw/h) | X10: TOR (lb/ft) | Y10: VEL (rpm)
B11: FECHA | C11: HORA | D11: INVOL | E11: BTxH | F11: BTPD | G11: BBPD | H11: BNPD | I11: FORM | J11: BPD | K11: BDPD | M11: INICIAL | N11: MPCP | O11: MPCPD | P11: MPCGD | Q11: PC/BN | R11: °F | S11: PSI | T11: PSI | U11: PSI
B12: SE INICIA LA PRUEBA DE PRODUCCIÓN
B13: 20/02/2026 | C13: 0.83333333 | D13: 60124.379 | K13: 105 | M13: 2662.5686 | R13: 89.36168 | S13: 171.5 | T13: 166 | U13: 160 | V13: 89.2 | W13: 9.7 | X13: 681 | Y13: 90
B14: 20/02/2026 | C14: 0.84722222 | D14: 60130.449 | E14: =(D14-D13)*3 -> 18.2109 | F14: =E14*24 -> 437.0616 | G14: =F14-K14 -> 332.0616 | H14: =G14-J14 -> 311.47378 | I14: 6.2 | J14: =G14*I14% -> 20.587819 | K14: 105 | M14: 2663.6504 | N14: =(M14-M13)*3 -> 3.2454 | P14: =N14*24 -> 77.8896 | Q14: =(P14/H14)*1000 -> 250.06792 | R14: 90.08906 | S14: 171.5 | T14: 166 | U14: 157.5 | V14: 88.2 | W14: 9.44 | X14: 660 | Y14: 90
B15: 20/02/2026 | C15: 0.86111111 | D15: 60135.789 | E15: =(D15-D14)*3 -> 16.0197 | F15: =E15*24 -> 384.4728 | G15: =F15-K15 -> 279.4728 | H15: =G15-J15 -> 262.14549 | I15: 6.2 | J15: =G15*I15% -> 17.327314 | K15: 105 | M15: 2663.9351 | N15: =(M15-M14)*3 -> 0.8541 | P15: =N15*24 -> 20.4984 | Q15: =(P15/H15)*1000 -> 78.194747 | R15: 90.15674 | S15: 171.5 | T15: 166 | U15: 159.5 | V15: 88.2 | W15: 9.44 | X15: 660 | Y15: 90
B16: 20/02/2026 | C16: 0.875 | D16: 60141.418 | E16: =(D16-D15)*3 -> 16.8867 | F16: =E16*24 -> 405.2808 | G16: =F16-K16 -> 300.2808 | H16: =G16-J16 -> 281.66339 | I16: 6.2 | J16: =G16*I16% -> 18.61741 | K16: 105 | M16: 2664.1133 | N16: =(M16-M15)*3 -> 0.5346 | P16: =N16*24 -> 12.8304 | Q16: =(P16/H16)*1000 -> 45.552246 | R16: 88.86074 | S16: 174.3 | T16: 170 | U16: 159.5 | V16: 88.2 | W16: 9.44 | X16: 660 | Y16: 90
B17: 20/02/2026 | C17: 0.88888889 | D17: 60148 | E17: =(D17-D16)*3 -> 19.746 | F17: =E17*24 -> 473.904 | G17: =F17-K17 -> 368.904 | H17: =G17-J17 -> 346.03195 | I17: 6.2 | J17: =G17*I17% -> 22.872048 | K17: 105 | M17: 2665.3369 | N17: =(M17-M16)*3 -> 3.6708 | P17: =N17*24 -> 88.0992 | Q17: =(P17/H17)*1000 -> 254.59845 | R17: 89.1455 | S17: 174.3 | T17: 170 | U17: 159.5 | V17: 85.8 | W17: 8.74 | X17: 607 | Y17: 90
B18: 20/02/2026 | C18: 0.90277778 | D18: 60153.793 | E18: =(D18-D17)*3 -> 17.379 | F18: =E18*24 -> 417.096 | G18: =F18-K18 -> 312.096 | H18: =G18-J18 -> 292.74605 | I18: 6.2 | J18: =G18*I18% -> 19.349952 | K18: 105 | M18: 2665.3989 | N18: =(M18-M17)*3 -> 0.186 | P18: =N18*24 -> 4.464 | Q18: =(P18/H18)*1000 -> 15.248711 | R18: 88.31804 | S18: 174.3 | T18: 170 | U18: 162.5 | V18: 85.8 | W18: 8.74 | X18: 607 | Y18: 90
B19: 20/02/2026 | C19: 0.91666667 | D19: 60159.883 | E19: =(D19-D18)*3 -> 18.2694 | F19: =E19*24 -> 438.4656 | G19: =F19-K19 -> 333.4656 | H19: =G19-J19 -> 312.79073 | I19: 6.2 | J19: =G19*I19% -> 20.674867 | K19: 105 | M19: 2666.342 | N19: =(M19-M18)*3 -> 2.8293 | P19: =N19*24 -> 67.9032 | Q19: =(P19/H19)*1000 -> 217.08827 | R19: 88.592 | S19: 171 | T19: 169 | U19: 158.5 | V19: 85.8 | W19: 8.74 | X19: 607 | Y19: 90
B20: 20/02/2026 | C20: 0.93055556 | D20: 60165.117 | E20: =(D20-D19)*3 -> 15.7032 | F20: =E20*24 -> 376.8768 | G20: =F20-K20 -> 271.8768 | H20: =G20-J20 -> 255.02044 | I20: 6.2 | J20: =G20*I20% -> 16.856362 | K20: 105 | M20: 2666.5586 | N20: =(M20-M19)*3 -> 0.6498 | P20: =N20*24 -> 15.5952 | Q20: =(P20/H20)*1000 -> 61.152746 | R20: 87.78668 | S20: 171 | T20: 169 | U20: 158.5 | V20: 86.7 | W20: 9.09 | X20: 630 | Y20: 90
B21: 20/02/2026 | C21: 0.94444444 | D21: 60170.492 | E21: =(D21-D20)*3 -> 16.125 | F21: =E21*24 -> 387 | G21: =F21-K21 -> 282 | H21: =G21-J21 -> 264.516 | I21: 6.2 | J21: =G21*I21% -> 17.484 | K21: 105 | M21: 2666.665 | N21: =(M21-M20)*3 -> 0.3192 | P21: =N21*24 -> 7.6608 | Q21: =(P21/H21)*1000 -> 28.961575 | R21: 87.29942 | S21: 171 | T21: 169 | U21: 158.5 | V21: 86.7 | W21: 9.09 | X21: 630 | Y21: 90
B22: 20/02/2026 | C22: 0.95833333 | D22: 60176.457 | E22: =(D22-D21)*3 -> 17.8944 | F22: =E22*24 -> 429.4656 | G22: =F22-K22 -> 324.4656 | H22: =G22-J22 -> 304.34873 | I22: 6.2 | J22: =G22*I22% -> 20.116867 | K22: 105 | M22: 2667.2756 | N22: =(M22-M21)*3 -> 1.8318 | P22: =N22*24 -> 43.9632 | Q22: =(P22/H22)*1000 -> 144.45008 | R22: 88.3031 | S22: 170.03 | T22: 168.5 | U22: 160.5 | V22: 86.7 | W22: 9.09 | X22: 630 | Y22: 90
B23: 20/02/2026 | C23: 0.97222222 | D23: 60181.293 | E23: =(D23-D22)*3 -> 14.508 | F23: =E23*24 -> 348.192 | G23: =F23-K23 -> 243.192 | H23: =G23-J23 -> 228.1141 | I23: 6.2 | J23: =G23*I23% -> 15.077904 | K23: 105 | M23: 2668.6399 | N23: =(M23-M22)*3 -> 4.0929 | P23: =N23*24 -> 98.2296 | Q23: =(P23/H23)*1000 -> 430.61609 | R23: 86.81234 | S23: 170.03 | T23: 168.5 | U23: 159.5 | V23: 90.3 | W23: 10 | X23: 704 | Y23: 90
B24: 20/02/2026 | C24: 0.98611111 | D24: 60187.52 | E24: =(D24-D23)*3 -> 18.6795 | F24: =E24*24 -> 448.308 | G24: =F24-K24 -> 343.308 | H24: =G24-J24 -> 322.0229 | I24: 6.2 | J24: =G24*I24% -> 21.285096 | K24: 105 | M24: 2668.7859 | N24: =(M24-M23)*3 -> 0.438 | P24: =N24*24 -> 10.512 | Q24: =(P24/H24)*1000 -> 32.643641 | R24: 86.73908 | S24: 170.03 | T24: 168.5 | U24: 160 | V24: 90.3 | W24: 10 | X24: 704 | Y24: 90
B25: 21/02/2026 | C25: 0 | D25: 60194.055 | E25: =(D25-D24)*3 -> 19.6056 | F25: =E25*24 -> 470.5344 | G25: =F25-K25 -> 365.5344 | H25: =G25-J25 -> 342.87127 | I25: 6.2 | J25: =G25*I25% -> 22.663133 | K25: 105 | M25: 2670.0239 | N25: =(M25-M24)*3 -> 3.714 | P25: =N25*24 -> 89.136 | Q25: =(P25/H25)*1000 -> 259.96929 | R25: 87.88748 | S25: 170.02 | T25: 168.5 | U25: 160 | V25: 90.3 | W25: 10 | X25: 704 | Y25: 90
... B49: 21/02/2026 | C49: 0.33333333 | D49: 60322.051 | E49: =(D49-D48)*3 -> 4.2891 | F49: =E49*24 -> 102.9384 | G49: =F49-K49 -> -2.0616 | H49: =G49-J49 -> -1.9337808 | I49: 6.2 | J49: =G49*I49% -> -0.1278192 | K49: 105 | M49: 2677.4475 | N49: =(M49-M48)*3 -> 0.0234 | P49: =N49*24 -> 0.5616 | Q49: =(P49/H49)*1000 -> -290.41554 | R49: 87.10988 | S49: 172.4 | T49: 167 | U49: 163 | V49: 91.1 | W49: 10.2 | X49: 718 | Y49: 90
B50: TOTALES | D50: =((MAX(D13:D49)-MIN(D13:D49))/COUNT(D14:D49))*72 -> 395.3438 | I50: =AVERAGE(I14:I49) -> 6.2 | M50: =((MAX(M13:M49)-MIN(M13:M49))/COUNT(M14:M49))*72 -> 29.7578 | R50: =AVERAGE(R14:R49) -> 87.06784 | S50: =AVERAGE(S14:S49) -> 170.55417 | T50: =AVERAGE(T14:T49) -> 167.36111 | U50: =AVERAGE(U14:U49) -> 160.33333 | V50: =AVERAGE(V14:V49) -> 89.938889 | W50: =AVERAGE(W14:W49) -> 9.8902778 | X50: =AVERAGE(X14:X49) -> 692.13889 | Y50: =AVERAGE(Y14:Y49) -> 90

Sheet Grafico
H2: CORRIDA DE PRUEBA A POZO | T2: Código: SMA21-0P-FO-007
T3: Fecha de Emisión: 11/05/2025
H4: H1B P01 | T4: Fecha de Revisión: 31/08/25
T5: Pág. 3 de 3

Sheet FLOW RATE 
D1: RELACION FLOW RATE LIQUIDO / FLOW RATE GAS | J1: Código: SMA21-0P-FO-007
J2: Fecha de Emisión: 11/05/2025
J3: Revisión: 1
D4: H1B P01 | J4: Pág. 3 de 3
